User Name,Start Time,Location,Call Quality,Duration(s),Audio Packet Loss (%),Audio Latency (ms),Call Type
Casey Rivera,2026-08-08 19:11:07,Denver,Poor,548,4.11,183,SIP_NATIONAL
Sam Chen,2026-08-08 04:07:04,Chicago,Good,1024,0.57,39,SIP_ENTERPRISE
Jordan Lee,2026-08-07 06:06:25,Dallas,Good,1713,0.23,60,SIP_INBOUND
Casey Rivera,2026-09-03 11:07:09,Singapore,Good,957,0.37,32,SIP_ENTERPRISE
Priya Nair,2026-08-14 09:39:14,London,Good,19,0.73,81,SIP_ENTERPRISE
Jamie Ortiz,2026-08-08 17:27:15,London,Fair,2209,0.02,78,SIP_ENTERPRISE
Casey Rivera,2026-08-20 12:57:27,Denver,Fair,764,0.41,33,SIP_INBOUND
Jamie Ortiz,2026-08-28 03:38:10,Chicago,Fair,798,0.73,50,SIP_ENTERPRISE
Priya Nair,2026-08-23 01:07:36,London,Fair,449,0.32,76,SIP_MOBILE
Priya Nair,2026-08-08 09:02:38,Singapore,Fair,2077,0.0,20,SIP_ENTERPRISE
Sam Chen,2026-09-01 20:08:18,Singapore,Good,323,0.32,65,SIP_INBOUND
Jordan Lee,2026-08-11 00:57:13,Singapore,Good,516,0.0,64,SIP_ENTERPRISE
Alex Morgan,2026-08-13 19:23:48,Singapore,Fair,404,0.32,38,SIP_ENTERPRISE
Jamie Ortiz,2026-08-09 13:31:29,London,Fair,1813,0.46,85,SIP_ENTERPRISE
Jordan Lee,2026-08-07 08:52:27,Singapore,Good,678,0.77,71,SIP_ENTERPRISE
Priya Nair,2026-08-16 19:51:22,Singapore,Good,719,0.69,53,SIP_ENTERPRISE
Riley Park,2026-08-27 17:43:13,Chicago,Good,231,0.35,48,SIP_ENTERPRISE
Casey Rivera,2026-08-24 13:45:53,Chicago,Good,1730,0.11,37,SIP_MOBILE
Jamie Ortiz,2026-08-20 07:21:15,Chicago,Good,1467,0.33,46,SIP_ENTERPRISE
Morgan Quinn,2026-08-17 02:47:39,London,Good,2286,0.66,42,SIP_ENTERPRISE
Casey Rivera,2026-08-13 09:53:02,Singapore,Good,1549,0.39,83,SIP_ENTERPRISE
Jamie Ortiz,2026-08-29 08:19:24,Singapore,Good,677,0.4,21,SIP_ENTERPRISE
Casey Rivera,2026-08-25 01:00:59,London,Poor,1022,2.64,339,SIP_ENTERPRISE
Jamie Ortiz,2026-08-28 02:37:54,Chicago,Good,1736,0.36,67,SIP_ENTERPRISE
Taylor Brooks,2026-09-04 01:26:51,Singapore,Good,332,0.49,31,SIP_ENTERPRISE
Sam Chen,2026-09-04 07:40:26,Singapore,Good,1613,0.72,25,SIP_MOBILE
Taylor Brooks,2026-09-04 04:02:41,Singapore,Good,2081,0.68,75,SIP_ENTERPRISE
Jamie Ortiz,2026-08-26 21:40:24,London,Good,1239,0.35,24,SIP_ENTERPRISE
Morgan Quinn,2026-08-26 04:33:13,Singapore,Good,788,0.11,57,SIP_INTERNATIONAL
Morgan Quinn,2026-08-25 05:14:28,Denver,Good,584,0.36,20,SIP_ENTERPRISE
Morgan Quinn,2026-08-26 03:51:57,London,Fair,2249,0.26,65,SIP_ENTERPRISE
Taylor Brooks,2026-08-11 06:18:30,Dallas,Poor,1343,1.6,297,SIP_MOBILE
Priya Nair,2026-08-14 10:00:24,Denver,Good,1366,0.12,75,SIP_ENTERPRISE
Riley Park,2026-09-02 03:56:22,Chicago,Good,1923,0.16,47,SIP_MOBILE
Marcus Webb,2026-08-19 23:02:41,Singapore,Good,2258,0.2,82,SIP_NATIONAL
Jordan Lee,2026-09-05 21:06:59,Dallas,Good,544,0.55,57,SIP_NATIONAL
Taylor Brooks,2026-09-04 14:31:13,Chicago,Good,934,0.44,64,SIP_ENTERPRISE
Jamie Ortiz,2026-08-18 19:35:29,London,Good,898,0.03,50,SIP_INBOUND
Casey Rivera,2026-08-11 23:08:52,London,Good,1114,0.21,49,SIP_ENTERPRISE
Marcus Webb,2026-08-11 22:31:51,Dallas,Good,643,0.26,53,SIP_ENTERPRISE
Riley Park,2026-08-06 11:37:16,London,Good,978,0.04,53,SIP_NATIONAL
Jordan Lee,2026-08-14 10:02:27,London,Fair,1356,0.59,75,SIP_ENTERPRISE
Taylor Brooks,2026-08-13 03:21:39,Dallas,Fair,60,0.26,23,SIP_ENTERPRISE
Marcus Webb,2026-08-25 07:41:22,Denver,Good,716,0.42,48,SIP_ENTERPRISE
Jamie Ortiz,2026-08-31 13:43:44,London,Fair,1530,0.13,26,SIP_ENTERPRISE
Sam Chen,2026-08-16 05:17:42,Singapore,Good,1473,0.54,60,SIP_ENTERPRISE
Jamie Ortiz,2026-08-30 14:39:42,Dallas,Good,387,0.17,22,SIP_ENTERPRISE
Jordan Lee,2026-08-11 19:00:27,London,Good,388,0.57,38,SIP_ENTERPRISE
Marcus Webb,2026-08-14 09:00:15,Denver,Fair,1075,0.71,53,SIP_ENTERPRISE
Taylor Brooks,2026-08-24 15:25:36,Singapore,Good,233,0.2,35,SIP_ENTERPRISE
Marcus Webb,2026-08-11 13:41:37,London,Good,2048,0.03,75,SIP_ENTERPRISE
Casey Rivera,2026-08-26 20:51:26,Chicago,Good,1259,0.34,87,SIP_ENTERPRISE
Riley Park,2026-08-08 14:27:53,London,Fair,1940,0.57,35,SIP_INBOUND
Priya Nair,2026-08-18 20:10:48,London,Poor,1198,0.19,360,SIP_ENTERPRISE
Priya Nair,2026-08-19 12:04:26,Singapore,Good,1160,0.77,36,SIP_ENTERPRISE
Riley Park,2026-08-20 13:02:00,Singapore,Good,1052,0.64,61,SIP_MOBILE
Sam Chen,2026-09-04 10:02:34,Denver,Fair,1289,0.75,44,SIP_ENTERPRISE
Marcus Webb,2026-08-11 22:16:08,Denver,Good,561,0.64,82,SIP_MOBILE
Jordan Lee,2026-08-15 03:39:45,Singapore,Good,718,0.59,58,SIP_INBOUND
Casey Rivera,2026-09-03 10:11:31,London,Good,379,0.7,33,SIP_ENTERPRISE
Jamie Ortiz,2026-08-27 06:38:57,Denver,Good,918,0.46,75,SIP_ENTERPRISE
Priya Nair,2026-08-31 17:32:30,London,Good,744,0.57,46,SIP_ENTERPRISE
Riley Park,2026-08-25 19:15:52,London,Fair,1210,0.42,76,SIP_NATIONAL
Priya Nair,2026-09-01 03:30:45,Denver,Good,1349,0.29,67,SIP_ENTERPRISE
Riley Park,2026-08-29 04:38:48,Denver,Fair,1853,0.19,52,SIP_NATIONAL
Riley Park,2026-08-10 03:42:18,Singapore,Good,110,0.57,20,SIP_NATIONAL
Jamie Ortiz,2026-08-08 07:55:36,Singapore,Good,906,0.65,38,SIP_ENTERPRISE
Jordan Lee,2026-09-04 22:31:42,Chicago,Good,1125,0.06,60,SIP_ENTERPRISE
Jordan Lee,2026-08-22 03:57:38,Denver,Good,2199,0.36,82,SIP_INBOUND
Alex Morgan,2026-08-14 21:04:38,London,Fair,899,0.65,46,SIP_ENTERPRISE
Priya Nair,2026-09-04 00:04:58,Chicago,Fair,965,0.75,40,SIP_MOBILE
Casey Rivera,2026-08-24 11:32:45,Chicago,Good,551,0.69,84,SIP_INBOUND
Morgan Quinn,2026-09-05 13:38:19,London,Good,669,0.23,30,SIP_ENTERPRISE
Alex Morgan,2026-08-19 07:03:30,London,Poor,506,4.28,361,SIP_ENTERPRISE
Riley Park,2026-08-09 04:08:14,Denver,Fair,2078,0.12,46,SIP_NATIONAL
Taylor Brooks,2026-08-25 11:03:31,London,Good,1085,0.03,75,SIP_INBOUND
Riley Park,2026-08-21 06:48:01,Dallas,Fair,1016,0.22,82,SIP_INBOUND
Taylor Brooks,2026-08-12 09:47:18,Denver,Fair,631,0.3,86,SIP_ENTERPRISE
Taylor Brooks,2026-08-19 06:20:47,Singapore,Good,1142,0.01,65,SIP_INBOUND
Marcus Webb,2026-08-20 16:16:29,Dallas,Fair,413,0.18,69,SIP_MOBILE
Casey Rivera,2026-08-25 21:56:16,Chicago,Good,1515,0.15,49,SIP_SHORTCODE
Morgan Quinn,2026-08-18 22:58:39,Dallas,Fair,1041,0.22,82,UNKNOWN
Casey Rivera,2026-08-30 21:33:50,Dallas,Fair,2170,0.37,47,SIP_NATIONAL
Jamie Ortiz,2026-08-24 19:31:56,Dallas,Fair,1048,0.55,84,SIP_INBOUND
Jamie Ortiz,2026-08-28 08:43:54,Chicago,Good,1620,0.19,28,SIP_INBOUND
Morgan Quinn,2026-09-01 08:32:40,Dallas,Fair,1984,0.27,86,SIP_ENTERPRISE
Taylor Brooks,2026-08-10 15:57:14,Chicago,Good,1645,0.6,32,SIP_NATIONAL
Priya Nair,2026-08-24 10:09:42,Denver,Fair,1431,0.28,77,SIP_ENTERPRISE
Riley Park,2026-08-10 14:29:25,Singapore,Good,740,0.24,73,SIP_INBOUND
Taylor Brooks,2026-08-30 01:27:57,Chicago,Good,1530,0.72,60,SIP_ENTERPRISE
Riley Park,2026-08-21 02:23:48,Denver,Good,1526,0.27,23,SIP_ENTERPRISE
Priya Nair,2026-08-12 22:17:54,London,Fair,80,0.75,26,SIP_ENTERPRISE
Marcus Webb,2026-08-06 07:44:56,Chicago,Good,158,0.14,77,SIP_NATIONAL
Priya Nair,2026-08-11 17:13:33,London,Fair,181,0.59,69,SIP_INBOUND
Jamie Ortiz,2026-09-04 07:01:50,Dallas,Good,1232,0.24,88,SIP_ENTERPRISE
Sam Chen,2026-08-29 07:37:19,Singapore,Good,1553,0.06,88,SIP_ENTERPRISE
Jamie Ortiz,2026-08-31 06:18:28,Chicago,Good,360,0.44,62,SIP_ENTERPRISE
Morgan Quinn,2026-08-13 23:28:05,Denver,Fair,799,0.35,30,SIP_INBOUND
Riley Park,2026-08-21 23:16:34,Singapore,Good,706,0.31,40,SIP_ENTERPRISE
Marcus Webb,2026-08-23 20:41:13,Chicago,Good,962,0.28,25,SIP_INBOUND
Casey Rivera,2026-09-04 15:33:35,London,Good,1615,0.55,51,SIP_INBOUND
Alex Morgan,2026-08-13 09:24:44,London,Fair,804,0.63,58,SIP_ENTERPRISE
Priya Nair,2026-08-20 23:44:40,Dallas,Good,1846,0.78,26,SIP_ENTERPRISE
Casey Rivera,2026-09-02 08:42:56,London,Good,964,0.56,22,SIP_INBOUND
Riley Park,2026-08-07 07:40:46,London,Fair,343,0.13,33,SIP_ENTERPRISE
Jordan Lee,2026-08-23 05:14:55,Singapore,Good,237,0.26,20,SIP_NATIONAL
Casey Rivera,2026-08-15 05:32:32,London,Fair,982,0.34,34,SIP_NATIONAL
Casey Rivera,2026-08-14 06:57:49,London,Fair,766,0.65,86,SIP_ENTERPRISE
Morgan Quinn,2026-08-29 17:13:08,Denver,Good,1043,0.56,80,SIP_ENTERPRISE
Jordan Lee,2026-08-20 20:54:03,Denver,Good,725,0.15,55,SIP_ENTERPRISE
Casey Rivera,2026-08-16 00:42:33,Dallas,Fair,1465,0.71,30,SIP_ENTERPRISE
Priya Nair,2026-08-09 19:42:44,Chicago,Good,380,0.65,27,SIP_ENTERPRISE
Jordan Lee,2026-08-30 09:56:40,Singapore,Good,1051,0.33,66,SIP_INBOUND
Riley Park,2026-08-30 21:55:42,Denver,Good,1776,0.12,37,SIP_ENTERPRISE
Marcus Webb,2026-08-13 21:23:03,Denver,Good,73,0.2,47,SIP_INBOUND
Taylor Brooks,2026-08-15 02:20:08,Dallas,Good,722,0.64,68,SIP_ENTERPRISE
Jamie Ortiz,2026-09-01 13:34:16,Denver,Good,439,0.59,69,SIP_ENTERPRISE
Riley Park,2026-08-08 15:01:14,Chicago,Fair,169,0.54,46,SIP_ENTERPRISE
Priya Nair,2026-08-12 04:09:59,Dallas,Good,2326,0.24,49,SIP_ENTERPRISE
Casey Rivera,2026-08-08 04:25:10,Chicago,Good,1571,0.23,51,SIP_ENTERPRISE
Jamie Ortiz,2026-08-23 14:44:39,London,Good,531,0.4,59,SIP_ENTERPRISE
Priya Nair,2026-08-13 17:43:38,Chicago,Fair,874,0.37,21,SIP_ENTERPRISE
Morgan Quinn,2026-08-10 22:44:44,London,Good,741,0.61,65,SIP_ENTERPRISE
Jordan Lee,2026-09-01 14:30:16,London,Poor,148,3.73,143,SIP_INTERNATIONAL
Alex Morgan,2026-08-16 16:37:18,Chicago,Good,142,0.48,35,SIP_ENTERPRISE
Morgan Quinn,2026-08-22 07:35:36,Chicago,Fair,2038,0.06,77,SIP_ENTERPRISE
Sam Chen,2026-09-01 01:15:36,Chicago,Good,2088,0.55,78,SIP_INBOUND
Jordan Lee,2026-08-11 21:54:28,London,Good,683,0.5,52,SIP_INBOUND
Jamie Ortiz,2026-08-30 12:56:31,Singapore,Good,1356,0.65,34,SIP_ENTERPRISE
Taylor Brooks,2026-08-19 01:00:46,Singapore,Fair,625,0.13,54,SIP_MOBILE
Morgan Quinn,2026-08-26 01:36:43,Singapore,Poor,2242,0.26,368,SIP_ENTERPRISE
Riley Park,2026-08-07 08:44:14,Dallas,Good,978,0.48,82,SIP_ENTERPRISE
Morgan Quinn,2026-08-20 02:31:47,Dallas,Good,962,0.22,52,SIP_ENTERPRISE
Morgan Quinn,2026-08-30 00:18:35,London,Fair,1612,0.57,47,SIP_ENTERPRISE
Jordan Lee,2026-08-30 01:58:10,Dallas,Fair,1470,0.25,86,SIP_ENTERPRISE
Taylor Brooks,2026-08-21 13:39:00,Singapore,Poor,1081,0.83,293,SIP_MOBILE
Jamie Ortiz,2026-08-24 21:43:43,Singapore,Good,168,0.26,60,SIP_INBOUND
Priya Nair,2026-08-29 23:29:06,Singapore,Good,1645,0.52,63,SIP_ENTERPRISE
Riley Park,2026-08-06 01:36:24,Singapore,Good,1061,0.63,48,SIP_ENTERPRISE
Marcus Webb,2026-08-29 19:27:25,Singapore,Good,1555,0.13,64,SIP_ENTERPRISE
Taylor Brooks,2026-08-24 06:27:37,Chicago,Fair,745,0.8,55,SIP_ENTERPRISE
Casey Rivera,2026-08-19 02:15:25,Denver,Good,1459,0.6,65,SIP_INBOUND
Jordan Lee,2026-08-06 17:48:45,Dallas,Poor,613,2.12,150,SIP_ENTERPRISE
Casey Rivera,2026-09-04 18:30:44,Dallas,Good,104,0.34,28,SIP_ENTERPRISE
Alex Morgan,2026-09-02 08:18:54,Denver,Good,61,0.46,63,SIP_ENTERPRISE
Jordan Lee,2026-08-23 13:44:42,London,Good,555,0.32,42,SIP_MOBILE
Alex Morgan,2026-08-29 19:34:59,Chicago,Good,723,0.4,47,SIP_INBOUND
Priya Nair,2026-08-18 21:13:40,Dallas,Good,1172,0.06,84,UNKNOWN
Alex Morgan,2026-08-15 07:38:17,Denver,Good,486,0.2,43,SIP_ENTERPRISE
Priya Nair,2026-08-16 14:43:18,London,Good,134,0.32,52,SIP_ENTERPRISE
Priya Nair,2026-08-28 09:16:48,London,Fair,1809,0.6,34,SIP_ENTERPRISE
Morgan Quinn,2026-08-26 18:34:52,Dallas,Poor,0,4.38,357,SIP_INTERNATIONAL
Riley Park,2026-08-12 20:51:21,Singapore,Good,1628,0.03,61,SIP_ENTERPRISE
Priya Nair,2026-08-24 11:30:12,Singapore,Good,1090,0.71,69,SIP_NATIONAL
Taylor Brooks,2026-09-04 15:17:35,Chicago,Good,1335,0.75,32,SIP_ENTERPRISE
Taylor Brooks,2026-08-24 19:56:06,London,Good,2375,0.26,58,SIP_ENTERPRISE
Casey Rivera,2026-08-16 18:18:22,Singapore,Fair,655,0.56,74,SIP_NATIONAL
Jamie Ortiz,2026-09-01 07:32:14,Denver,Good,1730,0.0,85,SIP_MOBILE
Sam Chen,2026-08-08 06:41:42,Chicago,Good,664,0.13,55,SIP_SHORTCODE
Casey Rivera,2026-08-15 20:58:57,Denver,Good,2353,0.72,32,SIP_ENTERPRISE
Jamie Ortiz,2026-08-16 09:24:11,Chicago,Good,68,0.58,60,SIP_NATIONAL
Taylor Brooks,2026-08-19 19:55:31,Dallas,Poor,858,0.6,345,SIP_ENTERPRISE
Alex Morgan,2026-08-19 21:59:10,London,Fair,1230,0.42,85,SIP_ENTERPRISE
Marcus Webb,2026-09-04 14:07:31,London,Good,394,0.73,89,SIP_ENTERPRISE
Morgan Quinn,2026-09-04 21:25:04,Denver,Good,1776,0.09,53,SIP_ENTERPRISE
Alex Morgan,2026-09-05 09:11:34,Denver,Good,1561,0.46,61,SIP_ENTERPRISE
Marcus Webb,2026-09-05 11:23:04,Denver,Fair,847,0.04,56,SIP_ENTERPRISE
Alex Morgan,2026-08-20 23:11:12,Singapore,Fair,1827,0.34,56,SIP_INBOUND
Jamie Ortiz,2026-08-23 04:27:30,Chicago,Fair,1088,0.32,57,SIP_ENTERPRISE
Sam Chen,2026-08-12 02:21:10,Singapore,Fair,204,0.4,37,SIP_NATIONAL
Priya Nair,2026-08-15 00:20:36,Chicago,Good,1869,0.64,89,SIP_ENTERPRISE
Morgan Quinn,2026-08-19 02:03:52,Dallas,Fair,1246,0.21,56,SIP_INBOUND
Priya Nair,2026-09-04 18:18:48,Singapore,Good,1996,0.34,42,SIP_ENTERPRISE
Marcus Webb,2026-08-16 08:24:39,Singapore,Fair,1365,0.12,45,SIP_ENTERPRISE
Jordan Lee,2026-08-23 16:37:10,Chicago,Good,2295,0.16,64,SIP_ENTERPRISE
Jamie Ortiz,2026-08-08 13:23:00,London,Good,1032,0.74,64,SIP_INBOUND
Riley Park,2026-09-05 05:56:48,Chicago,Fair,1967,0.32,20,SIP_ENTERPRISE
Jamie Ortiz,2026-08-13 02:49:22,Singapore,Good,427,0.48,83,SIP_ENTERPRISE
Casey Rivera,2026-08-10 15:06:48,Chicago,Fair,1352,0.51,86,SIP_NATIONAL
Alex Morgan,2026-08-13 15:09:14,Denver,Fair,2355,0.55,41,SIP_ENTERPRISE
Riley Park,2026-08-23 19:02:22,Dallas,Fair,2396,0.34,57,SIP_NATIONAL
Marcus Webb,2026-08-16 08:18:58,Singapore,Good,665,0.72,43,SIP_ENTERPRISE
Sam Chen,2026-08-24 21:40:52,Chicago,Fair,1701,0.3,40,SIP_NATIONAL
Priya Nair,2026-08-31 04:17:27,Singapore,Good,2333,0.05,27,SIP_ENTERPRISE
Sam Chen,2026-08-19 05:53:50,Chicago,Good,470,0.42,42,SIP_INTERNATIONAL
Marcus Webb,2026-08-18 10:49:14,Denver,Good,2176,0.06,83,SIP_NATIONAL
Alex Morgan,2026-08-21 08:47:59,Denver,Good,2253,0.66,22,SIP_ENTERPRISE
Morgan Quinn,2026-09-02 17:17:06,Dallas,Good,560,0.39,28,SIP_NATIONAL
Morgan Quinn,2026-08-30 14:28:23,London,Fair,1668,0.07,83,SIP_INBOUND
Casey Rivera,2026-08-20 11:47:57,London,Poor,619,3.18,326,SIP_ENTERPRISE
Taylor Brooks,2026-09-01 01:06:25,Denver,Good,1263,0.4,39,SIP_ENTERPRISE
Jordan Lee,2026-08-30 18:43:17,Singapore,Good,575,0.33,88,SIP_INBOUND
Riley Park,2026-09-04 05:39:07,Singapore,Good,1142,0.42,25,SIP_SHORTCODE
Sam Chen,2026-08-13 09:41:46,Dallas,Fair,289,0.02,64,SIP_ENTERPRISE
Morgan Quinn,2026-08-12 01:58:37,Dallas,Good,2387,0.71,34,SIP_ENTERPRISE
Marcus Webb,2026-08-23 07:58:08,Denver,Good,2064,0.23,67,UNKNOWN
Jamie Ortiz,2026-09-03 22:28:35,London,Fair,1111,0.55,22,SIP_ENTERPRISE
Jordan Lee,2026-08-14 13:46:29,Chicago,Good,1476,0.51,88,SIP_ENTERPRISE
Jordan Lee,2026-08-17 03:46:49,London,Good,1535,0.26,76,SIP_ENTERPRISE
Jamie Ortiz,2026-08-10 06:01:40,Denver,Poor,302,2.5,221,SIP_ENTERPRISE
Sam Chen,2026-08-09 02:33:40,Dallas,Fair,562,0.64,64,SIP_NATIONAL
Jamie Ortiz,2026-08-16 00:32:31,Chicago,Good,1687,0.1,53,SIP_NATIONAL
Alex Morgan,2026-08-08 04:58:15,Chicago,Fair,1233,0.64,63,SIP_INBOUND
Taylor Brooks,2026-08-23 05:08:13,Singapore,Fair,2060,0.01,35,UNKNOWN
Alex Morgan,2026-08-08 15:14:33,Dallas,Good,957,0.57,21,SIP_NATIONAL
Riley Park,2026-08-13 14:50:33,Dallas,Good,586,0.56,78,SIP_ENTERPRISE
Jamie Ortiz,2026-08-15 07:23:52,Singapore,Fair,31,0.3,79,SIP_ENTERPRISE
Morgan Quinn,2026-08-10 14:31:17,Singapore,Good,1496,0.73,89,SIP_ENTERPRISE
Jordan Lee,2026-09-01 07:20:40,London,Good,1464,0.58,75,SIP_ENTERPRISE
Taylor Brooks,2026-08-17 12:37:43,Dallas,Fair,1592,0.48,26,SIP_MOBILE
Alex Morgan,2026-08-22 10:28:40,London,Fair,2246,0.34,58,SIP_INBOUND
Casey Rivera,2026-08-15 16:54:07,Singapore,Good,1622,0.38,51,SIP_ENTERPRISE
Morgan Quinn,2026-08-29 15:10:28,Denver,Poor,1027,1.53,245,SIP_NATIONAL
Priya Nair,2026-08-09 10:55:38,Chicago,Poor,706,2.03,150,SIP_NATIONAL
Taylor Brooks,2026-08-06 03:38:43,Chicago,Good,998,0.73,28,SIP_INBOUND
Riley Park,2026-08-06 06:56:40,Dallas,Good,912,0.59,43,SIP_ENTERPRISE
Marcus Webb,2026-08-20 22:26:53,Singapore,Good,2268,0.34,59,SIP_MOBILE
Morgan Quinn,2026-09-03 17:30:07,London,Fair,788,0.34,77,SIP_SHORTCODE
Taylor Brooks,2026-08-17 13:51:36,London,Good,2125,0.71,63,SIP_ENTERPRISE
Taylor Brooks,2026-08-11 14:36:27,Denver,Fair,500,0.63,28,SIP_INBOUND
Jamie Ortiz,2026-08-11 13:00:01,London,Good,968,0.44,71,SIP_ENTERPRISE
Riley Park,2026-08-09 07:39:52,Denver,Fair,380,0.77,81,SIP_ENTERPRISE
Alex Morgan,2026-08-29 16:27:27,Singapore,Good,981,0.36,50,SIP_ENTERPRISE
Marcus Webb,2026-08-07 12:31:57,Dallas,Good,2288,0.77,35,SIP_ENTERPRISE
Marcus Webb,2026-09-01 08:13:37,London,Good,979,0.52,57,SIP_NATIONAL
Alex Morgan,2026-08-13 21:39:45,Dallas,Fair,1319,0.41,67,SIP_INTERNATIONAL
Morgan Quinn,2026-08-06 11:43:42,Denver,Fair,1756,0.42,64,SIP_MOBILE
Morgan Quinn,2026-08-23 12:33:11,Chicago,Fair,2268,0.18,76,SIP_INBOUND
Jamie Ortiz,2026-08-09 22:40:18,Singapore,Poor,2011,2.38,250,SIP_ENTERPRISE
Jamie Ortiz,2026-08-07 22:08:25,Denver,Good,452,0.36,68,SIP_ENTERPRISE
Alex Morgan,2026-08-16 05:10:01,Chicago,Good,1551,0.6,48,SIP_NATIONAL
Taylor Brooks,2026-08-09 01:22:50,Chicago,Good,812,0.18,89,SIP_MOBILE
Alex Morgan,2026-08-06 03:45:26,Denver,Good,117,0.39,79,SIP_ENTERPRISE
Taylor Brooks,2026-08-09 11:57:37,Chicago,Fair,349,0.11,88,SIP_MOBILE
Marcus Webb,2026-08-22 07:22:46,London,Good,1376,0.16,55,SIP_INBOUND
Casey Rivera,2026-08-21 06:59:59,London,Poor,2358,1.35,215,SIP_ENTERPRISE
Alex Morgan,2026-09-05 19:27:13,London,Good,1347,0.79,50,SIP_ENTERPRISE
Casey Rivera,2026-09-01 08:05:36,London,Good,616,0.62,71,SIP_INBOUND
Morgan Quinn,2026-08-27 04:22:03,Dallas,Good,74,0.19,89,SIP_ENTERPRISE
Jamie Ortiz,2026-09-03 04:45:42,Singapore,Fair,1297,0.57,85,SIP_NATIONAL
Alex Morgan,2026-08-25 00:04:30,Chicago,Good,2375,0.26,66,SIP_NATIONAL
Marcus Webb,2026-09-04 22:28:18,Singapore,Good,172,0.24,42,SIP_ENTERPRISE
Priya Nair,2026-08-20 07:47:09,Chicago,Good,1956,0.19,74,SIP_ENTERPRISE
Sam Chen,2026-08-14 20:02:29,London,Good,738,0.55,34,SIP_MOBILE
Jordan Lee,2026-08-19 11:34:57,Denver,Good,850,0.65,34,SIP_ENTERPRISE
Priya Nair,2026-08-06 21:58:18,Singapore,Good,1094,0.12,34,SIP_ENTERPRISE
Riley Park,2026-08-18 08:45:55,Singapore,Good,2356,0.44,89,SIP_INBOUND
Casey Rivera,2026-08-24 18:05:05,Denver,Fair,2227,0.6,25,SIP_NATIONAL
Taylor Brooks,2026-08-10 16:02:23,Denver,Fair,1919,0.26,32,SIP_INBOUND
Taylor Brooks,2026-09-01 02:21:30,Denver,Fair,1313,0.36,64,SIP_ENTERPRISE
Taylor Brooks,2026-08-30 20:26:19,Denver,Good,2196,0.37,34,SIP_INBOUND
Morgan Quinn,2026-08-19 14:52:21,Dallas,Good,1841,0.69,67,SIP_MOBILE
Casey Rivera,2026-08-23 02:02:37,Dallas,Poor,241,0.98,189,SIP_ENTERPRISE
Morgan Quinn,2026-09-03 20:21:14,Singapore,Fair,1038,0.49,65,SIP_ENTERPRISE
Casey Rivera,2026-08-06 21:47:05,Chicago,Good,94,0.26,32,SIP_ENTERPRISE
Riley Park,2026-08-18 09:03:59,London,Good,624,0.65,33,SIP_ENTERPRISE
Priya Nair,2026-09-03 07:57:58,Denver,Fair,1334,0.53,36,SIP_MOBILE
Sam Chen,2026-08-30 21:06:38,Singapore,Good,972,0.54,42,SIP_NATIONAL
Taylor Brooks,2026-08-31 08:34:59,Dallas,Good,219,0.44,42,SIP_MOBILE
Morgan Quinn,2026-09-01 15:10:31,Singapore,Good,1782,0.13,25,SIP_ENTERPRISE
Priya Nair,2026-08-27 14:51:39,Singapore,Good,745,0.12,45,SIP_INBOUND
Priya Nair,2026-08-23 20:19:50,London,Good,2100,0.41,65,SIP_ENTERPRISE
Sam Chen,2026-08-29 14:07:09,Chicago,Good,1821,0.06,86,SIP_ENTERPRISE
Taylor Brooks,2026-08-07 23:04:45,London,Good,2279,0.68,89,SIP_ENTERPRISE
Alex Morgan,2026-08-19 10:10:55,Dallas,Good,576,0.33,45,SIP_ENTERPRISE
Taylor Brooks,2026-08-19 06:45:38,Singapore,Fair,2396,0.61,71,SIP_NATIONAL
Priya Nair,2026-08-06 14:37:30,Dallas,Good,1348,0.24,23,SIP_MOBILE
Alex Morgan,2026-09-02 01:56:43,Dallas,Good,1279,0.62,49,SIP_INBOUND
Jordan Lee,2026-08-27 00:56:26,Dallas,Fair,2376,0.62,70,SIP_ENTERPRISE
Sam Chen,2026-08-10 05:18:15,Singapore,Good,1291,0.25,56,SIP_INBOUND
Sam Chen,2026-08-07 15:06:58,Singapore,Good,420,0.79,30,SIP_ENTERPRISE
Jordan Lee,2026-08-17 21:16:57,Denver,Fair,1746,0.6,35,SIP_ENTERPRISE
Jordan Lee,2026-08-17 04:30:40,Denver,Fair,111,0.7,32,SIP_ENTERPRISE
Riley Park,2026-08-26 17:34:08,Dallas,Good,80,0.16,58,SIP_ENTERPRISE
Taylor Brooks,2026-08-23 23:04:48,Denver,Good,407,0.13,89,SIP_INBOUND
Jordan Lee,2026-08-25 20:36:34,Denver,Poor,232,4.19,350,SIP_MOBILE
Riley Park,2026-08-07 18:47:59,Chicago,Fair,1106,0.4,24,SIP_INBOUND
Casey Rivera,2026-08-30 20:40:01,Denver,Fair,832,0.27,50,SIP_MOBILE
Taylor Brooks,2026-08-16 10:44:24,Singapore,Poor,1305,4.26,290,SIP_ENTERPRISE
Taylor Brooks,2026-08-22 03:10:30,Denver,Fair,548,0.58,30,SIP_ENTERPRISE
Priya Nair,2026-08-30 01:20:16,London,Good,2295,0.34,32,SIP_ENTERPRISE
Jordan Lee,2026-08-22 09:01:13,Chicago,Good,293,0.44,42,SIP_ENTERPRISE
Priya Nair,2026-08-29 07:48:40,Dallas,Good,852,0.79,32,SIP_ENTERPRISE
Priya Nair,2026-08-07 14:42:57,London,Fair,2048,0.54,82,SIP_INBOUND
Jamie Ortiz,2026-08-20 14:55:31,Denver,Fair,1060,0.28,41,SIP_MOBILE
Alex Morgan,2026-08-23 09:16:23,Singapore,Good,1825,0.15,57,SIP_ENTERPRISE
Marcus Webb,2026-08-18 19:18:49,Denver,Good,668,0.12,70,SIP_INBOUND
Taylor Brooks,2026-08-16 01:03:22,London,Good,2293,0.32,55,SIP_INBOUND
Casey Rivera,2026-08-11 12:21:04,London,Good,1680,0.56,57,SIP_ENTERPRISE
Jamie Ortiz,2026-08-09 15:38:13,London,Good,1574,0.34,64,SIP_ENTERPRISE
Jordan Lee,2026-08-31 10:58:58,London,Fair,1667,0.55,40,SIP_INBOUND
Alex Morgan,2026-08-21 06:37:46,Denver,Poor,1939,0.84,341,SIP_NATIONAL
Riley Park,2026-08-16 20:20:36,Denver,Good,1107,0.12,84,SIP_ENTERPRISE
Priya Nair,2026-08-06 17:27:56,London,Poor,81,3.0,258,SIP_ENTERPRISE
Riley Park,2026-08-28 13:47:06,Denver,Good,1038,0.4,76,SIP_ENTERPRISE
Taylor Brooks,2026-08-24 12:36:33,Singapore,Good,1233,0.2,89,SIP_ENTERPRISE
Marcus Webb,2026-08-13 20:55:52,Dallas,Good,259,0.57,43,SIP_ENTERPRISE
Jamie Ortiz,2026-08-09 07:48:08,London,Good,1033,0.79,81,SIP_INBOUND
Jordan Lee,2026-08-31 17:49:34,Denver,Fair,2111,0.7,27,UNKNOWN
Taylor Brooks,2026-08-27 06:56:39,Chicago,Good,1115,0.43,26,SIP_ENTERPRISE
Casey Rivera,2026-08-15 22:12:03,Dallas,Good,408,0.61,73,SIP_ENTERPRISE
Casey Rivera,2026-08-26 09:03:24,Dallas,Good,1342,0.2,83,SIP_MOBILE
Morgan Quinn,2026-09-02 08:50:46,Chicago,Good,1803,0.35,38,SIP_ENTERPRISE
Jamie Ortiz,2026-08-19 01:14:16,Chicago,Fair,1409,0.59,42,SIP_ENTERPRISE
Casey Rivera,2026-08-21 21:22:10,Denver,Good,2089,0.33,76,SIP_ENTERPRISE
Morgan Quinn,2026-08-15 09:44:18,London,Good,328,0.65,74,SIP_INBOUND
Riley Park,2026-08-30 18:26:06,London,Good,2267,0.7,47,SIP_INBOUND
Jamie Ortiz,2026-09-01 17:14:44,London,Fair,585,0.75,49,UNKNOWN
Morgan Quinn,2026-08-20 21:53:39,Dallas,Good,454,0.12,54,SIP_ENTERPRISE
Alex Morgan,2026-08-29 05:35:09,Dallas,Good,136,0.26,69,SIP_ENTERPRISE
Jordan Lee,2026-08-12 14:31:58,Denver,Good,2335,0.71,37,SIP_ENTERPRISE
Taylor Brooks,2026-08-06 16:41:37,Singapore,Fair,606,0.68,64,SIP_ENTERPRISE
Jordan Lee,2026-09-02 03:04:00,Chicago,Good,393,0.44,58,SIP_INBOUND
Alex Morgan,2026-09-01 02:03:24,Denver,Good,507,0.39,38,SIP_NATIONAL
Priya Nair,2026-08-27 09:24:37,Denver,Fair,377,0.18,55,SIP_MOBILE
Alex Morgan,2026-08-31 20:07:20,Singapore,Good,1427,0.51,34,SIP_ENTERPRISE
Morgan Quinn,2026-08-30 13:03:15,Singapore,Good,2019,0.27,34,SIP_INBOUND
Priya Nair,2026-09-02 14:54:47,Singapore,Fair,485,0.8,71,SIP_ENTERPRISE
Casey Rivera,2026-08-27 15:30:00,Chicago,Fair,924,0.12,41,SIP_ENTERPRISE
Jordan Lee,2026-08-26 23:35:53,Denver,Good,676,0.35,34,SIP_ENTERPRISE
Jamie Ortiz,2026-08-06 23:39:44,Singapore,Good,403,0.52,37,SIP_ENTERPRISE
Taylor Brooks,2026-08-29 01:14:16,Dallas,Poor,129,3.83,168,SIP_ENTERPRISE
Taylor Brooks,2026-08-22 04:59:00,Dallas,Fair,1048,0.21,70,SIP_INBOUND
Casey Rivera,2026-08-08 09:38:20,Denver,Good,2330,0.13,85,SIP_ENTERPRISE
Jordan Lee,2026-08-31 14:31:56,Singapore,Good,1420,0.21,44,SIP_ENTERPRISE
Jordan Lee,2026-08-23 02:46:14,Singapore,Good,1355,0.32,46,SIP_ENTERPRISE
Jordan Lee,2026-08-07 23:08:13,Chicago,Good,1829,0.03,41,SIP_ENTERPRISE
Taylor Brooks,2026-08-29 01:50:43,Denver,Good,173,0.6,55,SIP_INBOUND
Morgan Quinn,2026-08-28 08:25:01,Chicago,Good,613,0.1,64,SIP_ENTERPRISE
Priya Nair,2026-08-24 16:50:22,London,Good,2333,0.6,45,SIP_INBOUND
Riley Park,2026-08-23 11:45:56,Dallas,Fair,130,0.75,61,SIP_ENTERPRISE
Alex Morgan,2026-08-14 01:14:11,Singapore,Good,2325,0.68,86,SIP_NATIONAL
Taylor Brooks,2026-08-20 21:39:01,Singapore,Good,721,0.47,37,SIP_MOBILE
Taylor Brooks,2026-08-10 04:15:26,Singapore,Good,2345,0.34,61,SIP_ENTERPRISE
Casey Rivera,2026-08-27 19:23:03,Dallas,Poor,2092,3.39,140,SIP_ENTERPRISE
Priya Nair,2026-08-21 18:04:05,Dallas,Fair,2148,0.63,26,SIP_NATIONAL
Jordan Lee,2026-08-27 08:32:19,Dallas,Fair,519,0.13,75,SIP_NATIONAL
Taylor Brooks,2026-08-06 01:17:15,Denver,Good,329,0.59,26,SIP_NATIONAL
Jamie Ortiz,2026-08-08 21:44:16,Dallas,Fair,950,0.66,69,SIP_ENTERPRISE
Casey Rivera,2026-08-14 10:56:03,London,Good,2301,0.61,42,SIP_ENTERPRISE
Jamie Ortiz,2026-08-26 16:03:42,Singapore,Good,2121,0.05,79,SIP_ENTERPRISE
Morgan Quinn,2026-08-24 20:43:35,Singapore,Good,1342,0.62,47,SIP_ENTERPRISE
Alex Morgan,2026-08-20 08:42:59,Dallas,Good,1736,0.58,72,SIP_NATIONAL
Marcus Webb,2026-08-21 22:15:40,Denver,Good,1039,0.03,72,SIP_INTERNATIONAL
Riley Park,2026-08-17 14:44:20,Denver,Fair,456,0.49,37,SIP_ENTERPRISE
Casey Rivera,2026-08-18 21:13:59,Dallas,Fair,70,0.69,23,SIP_ENTERPRISE
Casey Rivera,2026-08-18 08:57:58,London,Fair,52,0.77,24,SIP_ENTERPRISE
Marcus Webb,2026-08-19 12:30:49,London,Good,534,0.52,63,SIP_ENTERPRISE
Jamie Ortiz,2026-08-21 22:30:31,Singapore,Fair,1731,0.58,83,SIP_SHORTCODE
Sam Chen,2026-08-30 06:01:20,Dallas,Poor,1497,0.76,132,SIP_MOBILE
Morgan Quinn,2026-08-28 00:08:47,Dallas,Good,1874,0.76,32,SIP_ENTERPRISE
Alex Morgan,2026-08-25 03:41:20,London,Good,1543,0.51,30,SIP_ENTERPRISE
Jamie Ortiz,2026-08-09 20:32:47,Dallas,Good,2007,0.61,70,SIP_NATIONAL
Sam Chen,2026-08-16 10:33:58,Chicago,Good,1663,0.11,21,SIP_ENTERPRISE
Marcus Webb,2026-08-27 15:05:56,London,Fair,56,0.09,66,SIP_INTERNATIONAL
Jordan Lee,2026-08-31 20:39:14,Denver,Fair,487,0.78,47,SIP_ENTERPRISE
Jamie Ortiz,2026-08-12 17:49:06,Dallas,Good,2391,0.44,58,SIP_ENTERPRISE
Alex Morgan,2026-08-30 10:02:20,Denver,Fair,1570,0.19,46,SIP_NATIONAL
Priya Nair,2026-08-09 02:35:53,Denver,Good,1870,0.13,68,SIP_MOBILE
Jordan Lee,2026-08-22 14:15:16,London,Good,2303,0.11,30,SIP_INBOUND
Riley Park,2026-09-01 01:22:51,Chicago,Poor,744,4.11,156,SIP_ENTERPRISE
Taylor Brooks,2026-08-29 14:01:59,Dallas,Good,1501,0.61,61,SIP_INTERNATIONAL
Sam Chen,2026-08-11 11:44:59,Denver,Fair,2292,0.05,73,SIP_MOBILE
Alex Morgan,2026-09-05 19:38:22,Chicago,Good,1926,0.33,61,SIP_INBOUND
Alex Morgan,2026-08-25 03:41:22,Chicago,Fair,1037,0.73,83,SIP_ENTERPRISE
Alex Morgan,2026-08-24 05:08:08,London,Fair,715,0.09,20,SIP_INBOUND
Marcus Webb,2026-08-12 12:39:51,Singapore,Fair,1330,0.67,87,SIP_ENTERPRISE
Casey Rivera,2026-08-30 22:18:09,Chicago,Good,2362,0.02,69,SIP_INTERNATIONAL
Jordan Lee,2026-08-23 13:57:00,Chicago,Fair,380,0.73,52,SIP_INTERNATIONAL
Sam Chen,2026-08-22 17:56:07,Singapore,Good,188,0.17,84,SIP_NATIONAL
Sam Chen,2026-09-05 02:19:21,Chicago,Good,1566,0.15,46,SIP_ENTERPRISE
Riley Park,2026-08-18 18:30:04,London,Good,630,0.24,41,SIP_ENTERPRISE
Priya Nair,2026-08-09 21:23:03,Chicago,Good,2227,0.51,42,SIP_NATIONAL
Priya Nair,2026-08-26 19:37:59,Chicago,Good,1162,0.49,65,SIP_NATIONAL
Jamie Ortiz,2026-08-26 22:43:10,Dallas,Good,2223,0.36,29,SIP_ENTERPRISE
Jordan Lee,2026-08-07 18:26:02,London,Fair,2399,0.05,32,SIP_SHORTCODE
Marcus Webb,2026-08-06 10:30:46,Dallas,Fair,1952,0.55,43,SIP_ENTERPRISE
Priya Nair,2026-08-30 20:21:29,Dallas,Good,8,0.47,22,SIP_ENTERPRISE
Marcus Webb,2026-08-17 17:50:38,Denver,Good,2329,0.46,43,SIP_ENTERPRISE
Jamie Ortiz,2026-09-02 19:33:33,Singapore,Good,2258,0.37,49,SIP_INBOUND
Priya Nair,2026-08-08 13:11:14,Chicago,Good,227,0.18,66,SIP_NATIONAL
Jamie Ortiz,2026-08-27 19:37:04,Denver,Good,756,0.7,84,SIP_ENTERPRISE
Sam Chen,2026-08-11 19:04:53,Singapore,Good,2102,0.39,80,SIP_NATIONAL
Alex Morgan,2026-09-01 19:04:10,Chicago,Good,1957,0.19,52,SIP_INBOUND
Marcus Webb,2026-08-28 08:16:08,Dallas,Good,1121,0.39,52,SIP_NATIONAL
Alex Morgan,2026-08-08 02:19:32,Denver,Good,1803,0.16,24,SIP_INTERNATIONAL
Sam Chen,2026-08-30 17:55:17,Chicago,Fair,539,0.64,56,SIP_NATIONAL
Morgan Quinn,2026-08-24 17:56:21,Singapore,Good,880,0.54,27,SIP_ENTERPRISE
Morgan Quinn,2026-08-31 11:05:46,Chicago,Good,173,0.38,49,SIP_ENTERPRISE
Marcus Webb,2026-09-01 08:08:31,Chicago,Good,817,0.48,88,SIP_MOBILE
Jamie Ortiz,2026-08-18 16:09:54,Chicago,Good,625,0.09,66,SIP_INTERNATIONAL
Jordan Lee,2026-08-21 17:07:43,Singapore,Good,788,0.21,54,SIP_ENTERPRISE
Priya Nair,2026-08-28 15:25:09,Denver,Good,1051,0.11,46,SIP_ENTERPRISE
Marcus Webb,2026-08-29 22:57:17,London,Good,2174,0.8,78,SIP_ENTERPRISE
Sam Chen,2026-08-26 10:17:48,London,Fair,679,0.23,86,SIP_ENTERPRISE
Alex Morgan,2026-08-11 21:13:03,Denver,Good,377,0.31,36,SIP_ENTERPRISE
Marcus Webb,2026-08-12 09:12:15,Singapore,Good,936,0.55,66,SIP_INBOUND
Priya Nair,2026-08-26 12:52:52,London,Good,2059,0.22,70,SIP_NATIONAL
Alex Morgan,2026-08-25 10:24:35,Chicago,Good,366,0.49,56,SIP_ENTERPRISE
Taylor Brooks,2026-08-25 11:26:17,Singapore,Good,2132,0.02,37,SIP_ENTERPRISE
Jordan Lee,2026-08-06 19:22:11,Chicago,Fair,97,0.77,20,SIP_ENTERPRISE
Marcus Webb,2026-08-15 20:57:32,Dallas,Good,669,0.56,48,SIP_MOBILE
Morgan Quinn,2026-08-10 08:41:10,Chicago,Good,1362,0.67,30,SIP_ENTERPRISE
Morgan Quinn,2026-08-11 12:08:05,Singapore,Good,1746,0.24,79,SIP_ENTERPRISE
Priya Nair,2026-08-21 09:52:44,Dallas,Good,2045,0.74,60,SIP_ENTERPRISE
Jamie Ortiz,2026-08-12 02:56:30,Denver,Fair,1698,0.11,76,SIP_NATIONAL
Riley Park,2026-08-07 15:05:04,Singapore,Fair,1091,0.0,31,SIP_INBOUND
Alex Morgan,2026-08-07 00:06:30,Denver,Good,801,0.41,32,SIP_INBOUND
Priya Nair,2026-09-03 03:56:22,Denver,Good,1817,0.06,78,SIP_ENTERPRISE
Marcus Webb,2026-08-24 12:25:45,Dallas,Good,1934,0.24,89,SIP_ENTERPRISE
Riley Park,2026-08-15 06:53:52,London,Fair,901,0.15,45,SIP_NATIONAL
Jamie Ortiz,2026-08-10 01:38:02,Denver,Fair,1273,0.15,86,SIP_ENTERPRISE
Jamie Ortiz,2026-08-25 13:19:39,Dallas,Good,407,0.56,37,SIP_ENTERPRISE
Morgan Quinn,2026-08-20 08:49:15,Dallas,Good,752,0.73,74,SIP_NATIONAL
Taylor Brooks,2026-08-23 21:06:26,Dallas,Good,1297,0.67,46,SIP_MOBILE
Jamie Ortiz,2026-09-03 12:49:57,Chicago,Good,2340,0.22,29,SIP_INBOUND
Morgan Quinn,2026-08-23 11:01:53,Denver,Fair,1382,0.63,51,SIP_ENTERPRISE
Taylor Brooks,2026-08-28 06:42:36,Denver,Fair,180,0.61,72,SIP_INBOUND
Jamie Ortiz,2026-08-29 00:02:18,Denver,Fair,2377,0.21,69,SIP_ENTERPRISE
Taylor Brooks,2026-08-26 03:26:20,London,Fair,884,0.7,23,SIP_ENTERPRISE
Taylor Brooks,2026-09-04 18:29:48,Denver,Good,1525,0.2,60,SIP_ENTERPRISE
Marcus Webb,2026-08-18 23:04:09,Singapore,Good,2228,0.23,46,SIP_ENTERPRISE
Casey Rivera,2026-08-14 01:08:11,London,Fair,849,0.14,48,SIP_INBOUND
Alex Morgan,2026-08-28 18:08:08,London,Good,168,0.16,75,SIP_INBOUND
Priya Nair,2026-08-30 02:07:17,Chicago,Good,2216,0.46,32,SIP_ENTERPRISE
Sam Chen,2026-08-14 00:36:19,Dallas,Poor,1930,1.98,206,SIP_ENTERPRISE
Taylor Brooks,2026-09-04 21:04:58,Chicago,Good,2321,0.53,50,SIP_INBOUND
Priya Nair,2026-08-18 06:40:32,Singapore,Fair,952,0.39,82,SIP_SHORTCODE
Jordan Lee,2026-08-22 14:32:41,Dallas,Fair,2287,0.37,60,SIP_ENTERPRISE
Jordan Lee,2026-08-22 01:19:23,Denver,Fair,82,0.07,56,SIP_INTERNATIONAL
Riley Park,2026-08-21 15:33:25,Chicago,Good,86,0.06,73,SIP_ENTERPRISE
Morgan Quinn,2026-09-05 03:25:52,Denver,Fair,1477,0.17,77,SIP_INBOUND
Morgan Quinn,2026-09-02 00:43:04,Dallas,Good,2127,0.53,78,SIP_ENTERPRISE
Casey Rivera,2026-08-07 10:28:11,Chicago,Good,2220,0.13,37,SIP_NATIONAL
Riley Park,2026-08-08 02:47:31,Denver,Good,2056,0.62,22,SIP_ENTERPRISE
Jamie Ortiz,2026-08-20 17:25:59,Singapore,Fair,1996,0.7,65,SIP_ENTERPRISE
Jamie Ortiz,2026-08-23 01:58:49,Dallas,Good,1836,0.72,53,SIP_ENTERPRISE
Priya Nair,2026-08-07 08:30:22,Denver,Good,719,0.76,84,SIP_INBOUND
Jordan Lee,2026-08-08 19:12:33,London,Good,2035,0.75,48,SIP_ENTERPRISE
Taylor Brooks,2026-08-16 09:39:00,London,Good,1704,0.09,29,SIP_ENTERPRISE
Marcus Webb,2026-08-13 01:28:44,Denver,Good,1312,0.62,86,SIP_ENTERPRISE
Morgan Quinn,2026-08-31 11:00:11,Denver,Fair,2298,0.41,79,SIP_SHORTCODE
Priya Nair,2026-08-09 07:55:44,Chicago,Poor,2393,3.3,261,SIP_ENTERPRISE
Alex Morgan,2026-08-06 18:14:32,Denver,Poor,207,4.02,326,SIP_ENTERPRISE
Sam Chen,2026-09-01 03:51:07,London,Fair,1250,0.46,64,SIP_ENTERPRISE
Casey Rivera,2026-08-26 12:18:30,London,Good,393,0.25,88,SIP_MOBILE
Jamie Ortiz,2026-08-08 01:34:01,Chicago,Good,1394,0.37,69,SIP_MOBILE
Taylor Brooks,2026-08-19 13:04:27,Singapore,Poor,576,1.13,224,SIP_ENTERPRISE
Jamie Ortiz,2026-08-12 16:32:48,Dallas,Fair,1063,0.56,70,SIP_NATIONAL
Casey Rivera,2026-08-19 12:25:36,Chicago,Good,22,0.38,65,SIP_ENTERPRISE
Jordan Lee,2026-08-17 11:53:32,Singapore,Poor,168,1.42,198,SIP_ENTERPRISE
Morgan Quinn,2026-09-03 06:43:43,Dallas,Fair,515,0.48,88,SIP_ENTERPRISE
Jamie Ortiz,2026-08-26 05:17:22,Dallas,Poor,1179,1.87,181,SIP_INBOUND
Morgan Quinn,2026-08-27 11:13:44,London,Poor,857,1.95,290,SIP_INBOUND
Alex Morgan,2026-08-25 17:52:12,Singapore,Good,2389,0.56,87,SIP_MOBILE
Jamie Ortiz,2026-09-02 04:30:00,Denver,Fair,2025,0.07,49,SIP_ENTERPRISE
Riley Park,2026-08-09 00:50:05,Denver,Fair,1304,0.17,21,SIP_ENTERPRISE
Priya Nair,2026-09-01 22:43:34,London,Good,587,0.76,67,SIP_MOBILE
Casey Rivera,2026-09-04 17:33:24,Chicago,Good,1915,0.33,42,SIP_MOBILE
Jordan Lee,2026-08-28 15:14:56,Chicago,Good,1510,0.48,39,SIP_NATIONAL
Sam Chen,2026-08-25 10:17:51,Denver,Fair,1733,0.62,87,SIP_ENTERPRISE
Morgan Quinn,2026-08-18 21:31:28,London,Fair,1095,0.28,89,SIP_ENTERPRISE
Sam Chen,2026-08-18 04:04:05,London,Fair,1616,0.48,67,SIP_ENTERPRISE
Casey Rivera,2026-08-13 06:27:06,Chicago,Fair,1198,0.29,48,SIP_NATIONAL
Alex Morgan,2026-09-02 12:05:59,Chicago,Good,843,0.57,68,SIP_ENTERPRISE
Marcus Webb,2026-08-12 16:56:16,Singapore,Good,183,0.71,21,SIP_MOBILE
Riley Park,2026-08-16 20:43:11,Denver,Fair,252,0.6,44,SIP_INBOUND
Marcus Webb,2026-08-28 01:50:20,London,Good,1714,0.68,83,SIP_ENTERPRISE
Sam Chen,2026-08-24 07:33:51,Singapore,Good,1947,0.7,33,SIP_ENTERPRISE
Sam Chen,2026-08-31 20:08:15,Denver,Fair,5,0.39,27,SIP_ENTERPRISE
Morgan Quinn,2026-08-23 09:25:17,London,Good,344,0.37,49,SIP_ENTERPRISE
Marcus Webb,2026-08-15 23:23:26,Singapore,Good,915,0.23,34,SIP_ENTERPRISE
Jamie Ortiz,2026-08-10 22:53:39,Chicago,Good,875,0.22,42,SIP_INTERNATIONAL
Casey Rivera,2026-08-27 21:51:26,London,Fair,1445,0.26,21,SIP_ENTERPRISE
Sam Chen,2026-08-27 17:06:49,Singapore,Fair,32,0.05,48,SIP_ENTERPRISE
Riley Park,2026-08-10 05:10:51,Chicago,Good,1928,0.56,78,SIP_ENTERPRISE
Riley Park,2026-08-18 07:29:50,Denver,Good,139,0.21,46,SIP_ENTERPRISE
Taylor Brooks,2026-08-23 16:19:59,London,Fair,323,0.08,42,SIP_ENTERPRISE
Casey Rivera,2026-08-28 19:19:50,Dallas,Fair,877,0.19,79,SIP_ENTERPRISE
Alex Morgan,2026-08-30 18:02:31,Chicago,Good,410,0.58,25,SIP_ENTERPRISE
Jordan Lee,2026-08-15 07:43:28,Dallas,Fair,1808,0.16,77,SIP_NATIONAL
Riley Park,2026-08-23 11:18:07,Denver,Good,1070,0.1,82,SIP_INTERNATIONAL
Priya Nair,2026-08-18 11:58:36,London,Fair,774,0.16,83,SIP_INBOUND
Priya Nair,2026-08-31 22:53:24,London,Fair,233,0.76,41,SIP_ENTERPRISE
Jamie Ortiz,2026-08-28 23:22:58,London,Good,1279,0.57,53,SIP_ENTERPRISE
Priya Nair,2026-08-30 08:04:36,Dallas,Good,1279,0.64,30,SIP_NATIONAL
Riley Park,2026-09-02 09:53:39,Singapore,Good,2254,0.47,21,SIP_NATIONAL
Jamie Ortiz,2026-08-28 00:59:44,Singapore,Fair,604,0.53,56,SIP_NATIONAL
Jamie Ortiz,2026-08-06 01:05:25,Denver,Good,86,0.06,76,SIP_ENTERPRISE
Casey Rivera,2026-08-19 09:50:45,Denver,Fair,2118,0.14,46,SIP_ENTERPRISE
Sam Chen,2026-08-14 04:15:38,Singapore,Fair,1298,0.55,75,SIP_ENTERPRISE
Taylor Brooks,2026-08-11 01:07:10,Dallas,Good,1772,0.27,75,SIP_INBOUND
Alex Morgan,2026-08-24 18:09:18,Singapore,Good,2319,0.63,68,SIP_ENTERPRISE
Priya Nair,2026-08-14 17:11:12,Dallas,Fair,550,0.35,50,SIP_NATIONAL
Priya Nair,2026-08-29 21:42:54,London,Fair,543,0.76,64,SIP_ENTERPRISE
Alex Morgan,2026-08-16 15:12:43,Dallas,Good,364,0.15,39,SIP_MOBILE
Jordan Lee,2026-08-20 13:03:37,Singapore,Fair,889,0.69,73,SIP_INTERNATIONAL
Taylor Brooks,2026-08-28 22:36:11,London,Good,809,0.69,61,SIP_ENTERPRISE
Alex Morgan,2026-08-07 17:05:11,Denver,Fair,1043,0.39,45,SIP_NATIONAL
Alex Morgan,2026-08-18 18:36:37,Dallas,Good,548,0.02,30,SIP_INBOUND
Priya Nair,2026-08-14 12:11:17,Chicago,Good,2102,0.15,89,SIP_ENTERPRISE
Priya Nair,2026-09-03 11:24:26,Singapore,Good,498,0.3,28,SIP_ENTERPRISE
Sam Chen,2026-08-30 07:59:49,London,Poor,428,1.45,284,SIP_INBOUND
Jordan Lee,2026-08-14 09:25:04,Dallas,Poor,8,0.25,200,SIP_ENTERPRISE
Taylor Brooks,2026-08-06 00:18:26,Singapore,Good,63,0.12,75,SIP_NATIONAL
Riley Park,2026-08-15 08:33:15,Singapore,Fair,354,0.45,63,SIP_ENTERPRISE
Alex Morgan,2026-09-01 11:33:57,Denver,Good,614,0.07,66,SIP_ENTERPRISE
Jordan Lee,2026-09-01 05:13:10,Denver,Good,2392,0.49,66,SIP_NATIONAL
Alex Morgan,2026-08-10 21:00:59,Denver,Fair,581,0.56,50,SIP_MOBILE
Jordan Lee,2026-08-22 12:09:34,Singapore,Fair,1374,0.75,84,SIP_INBOUND
Taylor Brooks,2026-09-01 23:02:34,London,Good,344,0.75,62,UNKNOWN
Casey Rivera,2026-08-31 02:23:58,London,Fair,764,0.64,35,SIP_INBOUND
Jamie Ortiz,2026-08-20 17:13:24,Denver,Good,170,0.29,34,SIP_NATIONAL
Priya Nair,2026-08-11 03:04:45,Denver,Good,955,0.57,74,SIP_NATIONAL
Taylor Brooks,2026-08-21 20:46:25,Dallas,Good,1650,0.6,20,SIP_NATIONAL
Sam Chen,2026-08-18 04:02:07,Denver,Fair,948,0.27,68,SIP_INBOUND
Marcus Webb,2026-09-03 09:33:06,Denver,Good,2168,0.43,30,SIP_ENTERPRISE
Jordan Lee,2026-08-24 12:39:44,London,Fair,1275,0.32,84,SIP_ENTERPRISE
Casey Rivera,2026-08-12 20:45:12,Chicago,Fair,2035,0.75,82,SIP_NATIONAL
Alex Morgan,2026-08-12 10:28:52,Dallas,Fair,1282,0.15,45,SIP_NATIONAL
Priya Nair,2026-08-27 01:57:25,London,Good,1109,0.52,21,SIP_ENTERPRISE
Alex Morgan,2026-08-10 09:46:53,Singapore,Good,263,0.25,66,SIP_NATIONAL
Jordan Lee,2026-09-01 05:09:56,Dallas,Fair,1282,0.1,53,SIP_ENTERPRISE
Jamie Ortiz,2026-08-16 15:25:06,London,Good,184,0.11,55,SIP_ENTERPRISE
Taylor Brooks,2026-08-26 16:30:43,London,Good,144,0.11,42,SIP_MOBILE
Jordan Lee,2026-08-20 12:55:59,Dallas,Good,643,0.05,37,SIP_ENTERPRISE
Priya Nair,2026-08-29 10:11:02,Chicago,Good,2348,0.42,30,SIP_ENTERPRISE
Alex Morgan,2026-08-23 22:33:24,Denver,Good,34,0.04,30,SIP_ENTERPRISE
Riley Park,2026-08-16 13:00:14,Dallas,Fair,561,0.63,32,SIP_INTERNATIONAL
Alex Morgan,2026-08-09 22:10:23,Singapore,Good,391,0.52,44,SIP_NATIONAL
Priya Nair,2026-08-30 17:00:56,Chicago,Good,845,0.37,70,SIP_NATIONAL
Jamie Ortiz,2026-08-24 13:29:36,Singapore,Fair,434,0.52,63,SIP_ENTERPRISE
Priya Nair,2026-08-25 04:18:12,Dallas,Fair,896,0.28,61,SIP_ENTERPRISE
Jordan Lee,2026-08-28 22:33:57,Denver,Good,1323,0.07,66,SIP_ENTERPRISE
Jamie Ortiz,2026-08-14 18:13:44,Dallas,Good,666,0.27,61,SIP_ENTERPRISE
Morgan Quinn,2026-08-22 19:22:58,Denver,Good,1522,0.42,78,SIP_ENTERPRISE
Riley Park,2026-09-01 15:25:40,Denver,Fair,1059,0.71,40,SIP_INTERNATIONAL
Jamie Ortiz,2026-08-11 19:31:47,Dallas,Good,2274,0.75,32,SIP_INBOUND
Taylor Brooks,2026-08-12 12:56:39,Dallas,Good,2277,0.26,85,SIP_ENTERPRISE
Jordan Lee,2026-08-19 06:37:57,London,Good,1312,0.37,44,SIP_MOBILE
Jamie Ortiz,2026-08-15 11:42:24,Singapore,Good,226,0.1,52,SIP_INTERNATIONAL
Casey Rivera,2026-08-25 17:40:54,Dallas,Good,1885,0.32,71,SIP_NATIONAL
Taylor Brooks,2026-08-31 03:49:05,Chicago,Fair,274,0.18,52,SIP_INBOUND
Priya Nair,2026-08-08 10:05:36,Dallas,Fair,1307,0.65,63,SIP_NATIONAL
Casey Rivera,2026-08-11 05:20:01,Singapore,Fair,1343,0.79,76,SIP_NATIONAL
Marcus Webb,2026-08-14 22:08:26,Singapore,Good,659,0.07,75,SIP_ENTERPRISE
Priya Nair,2026-08-13 04:37:57,Dallas,Good,1065,0.78,32,SIP_ENTERPRISE
Alex Morgan,2026-08-22 01:28:43,Singapore,Good,2220,0.44,37,SIP_INTERNATIONAL
Priya Nair,2026-08-20 15:57:45,Dallas,Good,1937,0.7,51,SIP_ENTERPRISE
Alex Morgan,2026-08-18 00:35:01,Denver,Fair,2377,0.5,48,SIP_ENTERPRISE
Priya Nair,2026-08-22 02:51:07,Chicago,Good,1629,0.62,36,SIP_ENTERPRISE
Morgan Quinn,2026-08-18 06:46:43,Denver,Poor,2378,3.68,300,SIP_ENTERPRISE
Taylor Brooks,2026-08-26 02:23:14,Singapore,Good,1317,0.05,42,SIP_ENTERPRISE
Taylor Brooks,2026-08-27 09:12:29,Dallas,Good,60,0.44,80,SIP_INTERNATIONAL
Casey Rivera,2026-08-11 22:48:40,Singapore,Poor,1106,0.83,263,SIP_ENTERPRISE
Sam Chen,2026-08-19 00:02:16,Chicago,Good,1530,0.2,26,SIP_INBOUND
Riley Park,2026-08-24 17:28:29,Denver,Fair,2162,0.71,36,SIP_ENTERPRISE
Jamie Ortiz,2026-08-10 03:43:34,Chicago,Fair,627,0.31,71,SIP_INBOUND
Jordan Lee,2026-08-28 19:59:12,Singapore,Good,1988,0.43,39,SIP_SHORTCODE
Sam Chen,2026-08-21 15:38:10,Chicago,Good,2319,0.27,71,SIP_ENTERPRISE
Casey Rivera,2026-08-23 20:00:17,Chicago,Good,198,0.76,48,SIP_INTERNATIONAL
Casey Rivera,2026-08-07 20:38:55,Denver,Fair,449,0.71,49,SIP_ENTERPRISE
Priya Nair,2026-09-04 13:48:52,Chicago,Good,2177,0.27,89,SIP_ENTERPRISE
Morgan Quinn,2026-09-05 00:44:19,Dallas,Good,1319,0.42,71,SIP_ENTERPRISE
Morgan Quinn,2026-08-16 18:01:16,Dallas,Poor,1582,1.18,363,SIP_ENTERPRISE
Priya Nair,2026-08-23 18:08:13,London,Good,1925,0.03,68,SIP_MOBILE
Priya Nair,2026-08-26 23:31:33,London,Good,1129,0.02,81,SIP_INBOUND
Casey Rivera,2026-08-28 07:02:42,London,Good,2200,0.17,47,SIP_NATIONAL
Casey Rivera,2026-08-25 22:21:15,Denver,Good,1121,0.47,48,SIP_INBOUND
Jordan Lee,2026-08-31 00:34:42,Chicago,Good,101,0.16,39,SIP_MOBILE
Casey Rivera,2026-09-02 23:58:06,Dallas,Good,2156,0.68,40,SIP_ENTERPRISE
Riley Park,2026-08-27 01:49:41,Chicago,Good,1963,0.32,46,SIP_NATIONAL
Morgan Quinn,2026-08-31 13:03:03,London,Good,229,0.16,89,SIP_ENTERPRISE
Jordan Lee,2026-08-26 23:25:36,Singapore,Good,1965,0.77,50,SIP_ENTERPRISE
Sam Chen,2026-08-21 15:54:10,Dallas,Good,466,0.37,77,SIP_ENTERPRISE
Riley Park,2026-08-08 18:13:03,Dallas,Fair,2366,0.64,61,SIP_INTERNATIONAL
Morgan Quinn,2026-08-21 11:41:51,Singapore,Good,2291,0.27,23,SIP_ENTERPRISE
Taylor Brooks,2026-08-06 01:50:16,Denver,Good,557,0.37,44,SIP_ENTERPRISE
Jordan Lee,2026-08-08 15:50:01,London,Fair,1858,0.42,48,SIP_ENTERPRISE
Morgan Quinn,2026-08-27 14:12:02,Chicago,Fair,1539,0.01,23,SIP_ENTERPRISE
Jamie Ortiz,2026-08-18 08:09:49,London,Good,259,0.28,47,SIP_ENTERPRISE
Sam Chen,2026-08-16 14:01:02,Chicago,Good,809,0.19,20,SIP_ENTERPRISE
Sam Chen,2026-08-19 17:30:17,Chicago,Fair,116,0.09,39,SIP_INBOUND
Casey Rivera,2026-09-02 11:21:33,Chicago,Good,1406,0.44,69,SIP_INBOUND
Taylor Brooks,2026-08-12 02:47:59,London,Fair,270,0.45,88,SIP_NATIONAL
Casey Rivera,2026-09-01 19:57:51,Denver,Good,1930,0.06,76,SIP_INBOUND
Riley Park,2026-08-20 13:50:35,Chicago,Good,1132,0.62,28,SIP_INBOUND
Jamie Ortiz,2026-09-02 13:11:54,Chicago,Good,1582,0.13,87,SIP_ENTERPRISE
Casey Rivera,2026-08-13 16:56:19,Denver,Fair,227,0.4,79,SIP_ENTERPRISE
Morgan Quinn,2026-08-11 08:11:35,Dallas,Good,1782,0.5,82,SIP_MOBILE
